Agency,Total spend (approx),DISTRICT_NAME,STATENAME,NATIONAL DATA ID,STREET_ADDRESS,CITY,COMPANY_DOMAIN
"Modesto City Schools, California",NDA,MODESTO CITY SCHOOLS,CALIFORNIA,NCES_District-0601330,426 Locust St.,Modesto,http://www.monet.k12.ca.us
"Stanislaus County Office of Education, California",NDA,STANISLAUS COUNTY OFFICE OF EDUCATION,CALIFORNIA,NCES_District-0691041,1100 H St.,Modesto,http://www.stancoe.org
"San Antonio ISD, Texas",NDA,SAN ANTONIO ISD,TEXAS,NCES_District-4838730,514 QUINCY ST,SAN ANTONIO,http://www.saisd.net/
"Montgomery County Public Schools, Maryland",NDA,MONTGOMERY COUNTY PUBLIC SCHOOLS,MARYLAND,NCES_District-2400480,850 Hungerford Drive,Rockville,http://www.montgomeryschoolsmd.org
"Cabarrus County Schools, North Carolina",NDA,CABARRUS COUNTY SCHOOLS,NORTH CAROLINA,NCES_District-3700530,PO Box 388,Concord,http://www.cabarrus.k12.nc.us/
"Fort Bend ISD, Texas",NDA,FORT BEND ISD,TEXAS,NCES_District-4819650,16431 LEXINGTON BLVD,SUGAR LAND,http://www.fortbend.k12.tx.us/
"United ISD, Texas",NDA,UNITED ISD,TEXAS,NCES_District-4843650,201 LINDENWOOD DR,LAREDO,http://www.uisd.net
"Charlotte-Mecklenburg Schools, North Carolina",NDA,CHARLOTTE-MECKLENBURG SCHOOLS,NORTH CAROLINA,NCES_District-3702970,PO Box 30035,Charlotte,http://www.cmsk12.org
"Harlandale ISD, Texas",NDA,HARLANDALE ISD,TEXAS,NCES_District-4822470,102 GENEVIEVE ST,SAN ANTONIO,http://www.harlandale.net/
"Cattaraugus-Allegany-Erie-Wyoming BOCES, New York",NDA,CATTARAUGUS-ALLEGANY-ERIE-WYOMING BOCES,NEW YORK,NCES_District-3680150,1825 WINDFALL RD,OLEAN,http://www.caboces.org
"Richmond County Schools, North Carolina",NDA,RICHMOND COUNTY SCHOOLS,NORTH CAROLINA,NCES_District-3703870,PO Drawer 1259,Hamlet,http://www.richmond.k12.nc.us/
"Anne Arundel County Public Schools, Maryland",NDA,ANNE ARUNDEL COUNTY PUBLIC SCHOOLS,MARYLAND,NCES_District-2400060,2644 Riva Road,Annapolis,http://www.aacps.org
"Michigan City Area Schools, Indiana",NDA,MICHIGAN CITY AREA SCHOOLS,INDIANA,NCES_District-1806570,408 S Carroll Ave,Michigan City,http://www.mcas.k12.in.us
"San Benito CISD, Texas",NDA,SAN BENITO CISD,TEXAS,NCES_District-4838790,240 N CROCKETT ST,SAN BENITO,http://www.sbcisd.net/
"Mesquite ISD, Texas",NDA,MESQUITE ISD,TEXAS,NCES_District-4830390,3819 TOWNE CROSSING BLVD,MESQUITE,http://www.mesquiteisd.org
"Madison Metropolitan School District, Wisconsin",NDA,MADISON METROPOLITAN SCHOOL DISTRICT,WISCONSIN,NCES_District-5508520,545 W Dayton St,Madison,http://www.madison.k12.wi.us
"Lake Washington School District, Washington",NDA,LAKE WASHINGTON SCHOOL DISTRICT,WASHINGTON,NCES_District-5304230,PO BOX 97039,REDMOND,http://www.lwsd.org
"Klein ISD, Texas",NDA,KLEIN ISD,TEXAS,NCES_District-4825740,7200 SPRING CYPRESS RD,KLEIN,http://www.kleinisd.net
"Spring Branch ISD, Texas",NDA,SPRING BRANCH ISD,TEXAS,NCES_District-4841100,955 CAMPBELL RD,HOUSTON,http://www.springbranchisd.com
"Humble ISD, Texas",NDA,HUMBLE ISD,TEXAS,NCES_District-4823910,10203 BIRCHRIDGE DR,HUMBLE,http://www.humbleisd.net
"Dallas ISD, Texas",NDA,DALLAS ISD,TEXAS,NCES_District-4816230,9400 N CENTRAL EXPY,DALLAS,http://www.dallasisd.org
"Atlanta Public Schools, Georgia",NDA,ATLANTA PUBLIC SCHOOLS,GEORGIA,NCES_District-1300120,210 Pryor Rd.,Atlanta,
"Omaha Public Schools, Nebraska",NDA,OMAHA PUBLIC SCHOOLS,NEBRASKA,NCES_District-3174820,3215 CUMING ST,OMAHA,
"Arlington County Public Schools, Virginia",NDA,ARLINGTON COUNTY PUBLIC SCHOOLS,VIRGINIA,NCES_District-5100270,2110 Washington Blvd.,Arlington,http://www.apsva.us
"Hurst-Euless-Bedford ISD, Texas",NDA,HURST-EULESS-BEDFORD ISD,TEXAS,NCES_District-4824060,1849A CENTRAL DR,BEDFORD,http://www.hebisd.edu
"Upper Valley Career Center, Ohio",NDA,UPPER VALLEY CAREER CENTER,OHIO,NCES_District-3906212,8811 Career Dr,Piqua,http://www.uppervalleycc.org/
"Walla Walla Public Schools, Washington",NDA,WALLA WALLA PUBLIC SCHOOLS,WASHINGTON,NCES_District-5309450,364 S PARK ST,WALLA WALLA,http://www.wwps.org
"Yorktown Community Schools, Indiana",NDA,YORKTOWN COMMUNITY SCHOOLS,INDIANA,NCES_District-1807230,2311 S Broadway St,Yorktown,http://www.yorktown.k12.in.us/
"Yakima School District, Washington",NDA,YAKIMA SCHOOL DISTRICT,WASHINGTON,NCES_District-5310110,104 N 4TH AVE,YAKIMA,http://www.yakimaschools.org
"Onondaga-Cortland-Madison BOCES, New York",NDA,ONONDAGA-CORTLAND-MADISON BOCES,NEW YORK,NCES_District-3680580,PO BOX 4754,SYRACUSE,http://www.ocmboces.org
"Peninsula School District, Washington",NDA,PENINSULA SCHOOL DISTRICT,WASHINGTON,NCES_District-5306690,14015 62ND AVE NW,GIG HARBOR,
"Prince George's County Public Schools, Maryland",NDA,PRINCE GEORGE'S COUNTY PUBLIC SCHOOLS,MARYLAND,NCES_District-2400510,14201 School Lane,Upper Marlboro,http://www.pgcps.org
"Longview School District, Washington",NDA,LONGVIEW SCHOOL DISTRICT,WASHINGTON,NCES_District-5304470,2715 LILAC ST,LONGVIEW,
"Canutillo ISD, Texas",NDA,CANUTILLO ISD,TEXAS,NCES_District-4812780,P O BOX 100,CANUTILLO,http://www.canutillo-isd.org
"Elkhorn Public Schools, Nebraska",NDA,ELKHORN PUBLIC SCHOOLS,NEBRASKA,NCES_District-3170110,20650 GLENN ST,ELKHORN,
"Lancaster Central School District, New York",NDA,LANCASTER CENTRAL SCHOOL DISTRICT,NEW YORK,NCES_District-3616680,177 CENTRAL AVE,LANCASTER,http://www.lancasterschools.org
"Clarkston School District, Washington",NDA,CLARKSTON SCHOOL DISTRICT,WASHINGTON,NCES_District-5301320,PO BOX 70,CLARKSTON,http://www.csdk12.org
"Broadalbin-Perth Central School District, New York",NDA,BROADALBIN-PERTH CENTRAL SCHOOL DISTRICT,NEW YORK,NCES_District-3600005,20 PINE ST,BROADALBIN,http://www.bpcsd.org
"Adams 12 Five Star Schools, Colorado",NDA,ADAMS 12 FIVE STAR SCHOOLS,COLORADO,NCES_District-0806900,1500 E 128TH AVENUE,THORNTON,http://www.adams12.org
"Knox County, Tennessee",NDA,KNOX COUNTY,TENNESSEE,NCES_District-4702220,505 Summer Place,Knoxville,http://www.knoxschools.org/
"Carrollton-Farmers Branch ISD, Texas",NDA,CARROLLTON-FARMERS BRANCH ISD,TEXAS,NCES_District-4813050,P O BOX 115186,CARROLLTON,http://www.cfbisd.edu/
"Norwich City School District, New York",NDA,NORWICH CITY SCHOOL DISTRICT,NEW YORK,NCES_District-3621330,89 MIDLAND DR,NORWICH,http://www.norwichcsd.org
"Indianapolis Public Schools, Indiana",NDA,INDIANAPOLIS PUBLIC SCHOOLS,INDIANA,NCES_District-1804770,120 E Walnut St,Indianapolis,http://www.myips.org
"Texarkana School District, Arkansas",NDA,TEXARKANA SCHOOL DISTRICT,ARKANSAS,NCES_District-0513110,3512 GRAND AVE,TEXARKANA,http://txk.k12.ar.us
"KIPP Texas Public Schools, Texas",NDA,KIPP TEXAS PUBLIC SCHOOLS,TEXAS,NCES_District-4800264,10711 KIPP WAY,HOUSTON,http://www.kipptexas.org
"Beaver Dam Unified School District, Wisconsin",NDA,BEAVER DAM UNIFIED SCHOOL DISTRICT,WISCONSIN,NCES_District-5500960,400 E Burnett St,Beaver Dam,http://www.bdusd.org
"Pasadena ISD, Texas",NDA,PASADENA ISD,TEXAS,NCES_District-4834320,3920 MICKEY GILLEY BLVD,PASADENA,http://www1.pasadenaisd.org
"Sequim School District, Washington",NDA,SEQUIM SCHOOL DISTRICT,WASHINGTON,NCES_District-5307830,503 N SEQUIM AVE,SEQUIM,http://www.sequimschools.org
"Caldwell County Schools, North Carolina",NDA,CALDWELL COUNTY SCHOOLS,NORTH CAROLINA,NCES_District-3700580,1914 Hickory Boulevard SW,Lenoir,http://www.caldwellschools.com
"Fairbanks North Star Borough School District, Alaska",NDA,FAIRBANKS NORTH STAR BOROUGH SCHOOL DISTRICT,ALASKA,NCES_District-0200600,520 Fifth Ave,Fairbanks,http://www.k12northstar.org
"Williamsburg-James City County Public Schools, Virginia",NDA,WILLIAMSBURG-JAMES CITY COUNTY PUBLIC SCHOOLS,VIRGINIA,NCES_District-5104020,PO Box 8783,Williamsburg,http://wjccschools.org/
"Issaquah School District, Washington",NDA,ISSAQUAH SCHOOL DISTRICT,WASHINGTON,NCES_District-5303750,5150 220th Ave SE,ISSAQUAH,http://www.issaquah.wednet.edu
"EHOVE Career Center, Ohio",NDA,EHOVE CAREER CENTER,OHIO,NCES_District-3905102,316 Mason Rd W,Milan,http://www.ehove.net
"Iredell-Statesville Schools, North Carolina",NDA,IREDELL-STATESVILLE SCHOOLS,NORTH CAROLINA,NCES_District-3702310,PO Box 911,Statesville,http://www.iss.k12.nc.us/
"Kent School District, Washington",NDA,KENT SCHOOL DISTRICT,WASHINGTON,NCES_District-5303960,12033 SE 256TH ST,KENT,
"Weslaco ISD, Texas",NDA,WESLACO ISD,TEXAS,NCES_District-4844960,P O BOX 266,WESLACO,http://www.wisd.us
"Briarcliff Manor Union Free School District, New York",NDA,BRIARCLIFF MANOR UNION FREE SCHOOL DISTRICT,NEW YORK,NCES_District-3605340,45 INGHAM RD,BRIARCLIFF MANOR,http://www.briarcliffschools.org
"Hyde Park Central School District, New York",NDA,HYDE PARK CENTRAL SCHOOL DISTRICT,NEW YORK,NCES_District-3615180,PO BOX 2033,HYDE PARK,http://www.hpcsd.org
"Green Bay Area Public School District, Wisconsin",NDA,GREEN BAY AREA PUBLIC SCHOOL DISTRICT,WISCONSIN,NCES_District-5505820,200 S Broadway,Green Bay,http://www.gbaps.org
"Vancouver School District, Washington",NDA,VANCOUVER SCHOOL DISTRICT,WASHINGTON,NCES_District-5309270,PO BOX 8937,VANCOUVER,
"Mamaroneck Union Free School District, New York",NDA,MAMARONECK UNION FREE SCHOOL DISTRICT,NEW YORK,NCES_District-3618240,1000 W BOSTON POST RD,MAMARONECK,http://www.mamkschools.org
"Binghamton City School District, New York",NDA,BINGHAMTON CITY SCHOOL DISTRICT,NEW YORK,NCES_District-3604870,PO BOX 2126,BINGHAMTON,http://www.binghamtonschools.org
"Austin ISD, Texas",NDA,AUSTIN ISD,TEXAS,NCES_District-4808940,4000 S IH 35 FRONTAGE RD,AUSTIN,http://www.austinisd.org
"Albany City School District, New York",NDA,ALBANY CITY SCHOOL DISTRICT,NEW YORK,NCES_District-3602460,ACADEMY PARK,ALBANY,http://www.albanyschools.org
"North Babylon Union Free School District, New York",NDA,NORTH BABYLON UNION FREE SCHOOL DISTRICT,NEW YORK,NCES_District-3620910,5 JARDINE PL,NORTH BABYLON,http://www.northbabylonschools.net
"Calvert County Public Schools, Maryland",NDA,CALVERT COUNTY PUBLIC SCHOOLS,MARYLAND,NCES_District-2400150,1305 Dares Beach Road,Prince Frederick,http://www.calvertnet.k12.md.us
"Erie 1 BOCES, New York",NDA,ERIE 1 BOCES,NEW YORK,NCES_District-3680300,355 HARLEM RD,WEST SENECA,http://www.e1b.org
"Surry County Schools, North Carolina",NDA,SURRY COUNTY SCHOOLS,NORTH CAROLINA,NCES_District-3704410,PO Box 364,Dobson,http://www.surry.k12.nc.us/
"Mercer County Schools, West Virginia",NDA,MERCER COUNTY SCHOOLS,WEST VIRGINIA,NCES_District-5400840,1403 HONAKER AVENUE,PRINCETON,
"Riverside School District, Washington",NDA,RIVERSIDE SCHOOL DISTRICT,WASHINGTON,NCES_District-5307440,34515 N NEWPORT HWY,CHATTAROY,http://www.riversidesd.org
"Lovejoy ISD, Texas",NDA,LOVEJOY ISD,TEXAS,NCES_District-4828380,259 COUNTRY CLUB RD,ALLEN,http://www.lovejoyisd.net
"Pittsford Central School District, New York",NDA,PITTSFORD CENTRAL SCHOOL DISTRICT,NEW YORK,NCES_District-3623160,75 BARKER RD,PITTSFORD,http://www.pittsfordschools.org
"Syracuse City School District, New York",NDA,SYRACUSE CITY SCHOOL DISTRICT,NEW YORK,NCES_District-3628590,1025 ERIE BLVD WEST,SYRACUSE,http://www.syracusecityschools.com
"Bronxville Union Free School District, New York",NDA,BRONXVILLE UNION FREE SCHOOL DISTRICT,NEW YORK,NCES_District-3605640,177 PONDFIELD RD,BRONXVILLE,http://www.bronxvilleschool.org
"Pearl Public School District, Mississippi",NDA,PEARL PUBLIC SCHOOL DISTRICT,MISSISSIPPI,NCES_District-2803520,3375 HIGHWAY 80 EAST,PEARL,http://www.pearlk12.com
"Queen Anne's County Public Schools, Maryland",NDA,QUEEN ANNE'S COUNTY PUBLIC SCHOOLS,MARYLAND,NCES_District-2400540,202 Chesterfield Avenue,Centreville,http://www.qacps.org
"Lufkin ISD, Texas",NDA,LUFKIN ISD,TEXAS,NCES_District-4828550,P O BOX 1407,LUFKIN,http://www.lufkinisd.org/
"Anchorage School District, Alaska",NDA,ANCHORAGE SCHOOL DISTRICT,ALASKA,NCES_District-0200180,5530 E Northern Lights Blvd,Anchorage,http://www.asdk12.org
"Cumberland County Schools, North Carolina",NDA,CUMBERLAND COUNTY SCHOOLS,NORTH CAROLINA,NCES_District-3700011,PO Box 2357,Fayetteville,http://www.ccs.k12.nc.us
"Garden City Union Free School District, New York",NDA,GARDEN CITY UNION FREE SCHOOL DISTRICT,NEW YORK,NCES_District-3611760,PO BOX 216,GARDEN CITY,http://www.gardencity.k12.ny.us
"Springville-Griffith Institute Central School District, New York",NDA,SPRINGVILLE-GRIFFITH INSTITUTE CENTRAL SCHOOL DISTRICT,NEW YORK,NCES_District-3612990,267 NEWMAN ST,SPRINGVILLE,http://www.springvillegi.org
"Shoreline School District, Washington",NDA,SHORELINE SCHOOL DISTRICT,WASHINGTON,NCES_District-5307920,18560 1ST AVE NE,SHORELINE,http://www.shorelineschools.org
"Valparaiso Community Schools, Indiana",NDA,VALPARAISO COMMUNITY SCHOOLS,INDIANA,NCES_District-1811970,3801 N Campbell St,Valparaiso,http://www.valpo.k12.in.us
"North Shore Central School District, New York",NDA,NORTH SHORE CENTRAL SCHOOL DISTRICT,NEW YORK,NCES_District-3626370,112 FRANKLIN AVE,SEA CLIFF,http://www.northshoreschools.org
"Garrett County Public Schools, Maryland",NDA,GARRETT COUNTY PUBLIC SCHOOLS,MARYLAND,NCES_District-2400360,770 Dennett Road,Oakland,http://www.garrettcountyschools.org
"South Conway County School District, Arkansas",NDA,SOUTH CONWAY COUNTY SCHOOL DISTRICT,ARKANSAS,NCES_District-0512520,704 E CHURCH STEET,MORRILTON,http://sccsd.org
"Southwest Secondary Learning Center, New Mexico",NDA,SOUTHWEST SECONDARY LEARNING CENTER,NEW MEXICO,NCES_District-3500137,10301 CANDELARIA RD NE,ALBUQUERQUE,http://www.sslc-nm.com
"Pewaukee School District, Wisconsin",NDA,PEWAUKEE SCHOOL DISTRICT,WISCONSIN,NCES_District-5511640,404 Lake St,Pewaukee,http://pewaukeeschools.org
"Anoka-Hennepin School District, Minnesota",NDA,ANOKA-HENNEPIN SCHOOL DISTRICT,MINNESOTA,NCES_District-2703180,2727 N FERRY ST,ANOKA,http://www.ahschools.us/
"Chilton School District, Wisconsin",NDA,CHILTON SCHOOL DISTRICT,WISCONSIN,NCES_District-5502520,530 W Main St,Chilton,http://www.chilton.k12.wi.us
"Caroline County Public Schools, Maryland",NDA,CAROLINE COUNTY PUBLIC SCHOOLS,MARYLAND,NCES_District-2400180,204 Franklin Street,Denton,http://www.carolineschools.org
"Trumansburg Central School District, New York",NDA,TRUMANSBURG CENTRAL SCHOOL DISTRICT,NEW YORK,NCES_District-3628980,100 WHIG ST,TRUMANSBURG,http://www.tburgschools.org
"Canandaigua City School District, New York",NDA,CANANDAIGUA CITY SCHOOL DISTRICT,NEW YORK,NCES_District-3606330,143 N PEARL ST,CANANDAIGUA,http://www.canandaiguaschools.org
"Harrisonburg City Public Schools, Virginia",NDA,HARRISONBURG CITY PUBLIC SCHOOLS,VIRGINIA,NCES_District-5101860,One Court Square,Harrisonburg,http://www.harrisonburg.k12.va.us
"Granville County Schools, North Carolina",NDA,GRANVILLE COUNTY SCHOOLS,NORTH CAROLINA,NCES_District-3701800,PO Box 927,Oxford,http://www.gcs.k12.nc.us
"Ector County ISD, Texas",NDA,ECTOR COUNTY ISD,TEXAS,NCES_District-4818000,P O BOX 3912,ODESSA,http://www.ectorcountyisd.org
"Hudson School District, New Hampshire",NDA,HUDSON SCHOOL DISTRICT,NEW HAMPSHIRE,NCES_District-3303930,20 Library St.,Hudson,
"Churchville-Chili Central School District, New York",NDA,CHURCHVILLE-CHILI CENTRAL SCHOOL DISTRICT,NEW YORK,NCES_District-3607530,139 FAIRBANKS RD,CHURCHVILLE,http://www.cccsd.org
"Irving ISD, Texas",NDA,IRVING ISD,TEXAS,NCES_District-4824420,P O BOX 152637,IRVING,http://www.irvingisd.net
"Alief ISD, Texas",NDA,ALIEF ISD,TEXAS,NCES_District-4807830,P O BOX 68,ALIEF,http://www.aliefisd.net
"Oxford Community Schools, Michigan",NDA,OXFORD COMMUNITY SCHOOLS,MICHIGAN,NCES_District-2627240,10 N Washington St,OXFORD,http://www.oxfordschools.org
"Elkhorn Area School District, Wisconsin",NDA,ELKHORN AREA SCHOOL DISTRICT,WISCONSIN,NCES_District-5504290,3 N Jackson St,Elkhorn,http://www.elkhorn.k12.wi.us
"Lindbergh Schools, Missouri",NDA,LINDBERGH SCHOOLS,MISSOURI,NCES_District-2918690,9350 Sappington Road,St. Louis,http://WWW.LINDBERGHSCHOOLS.WS
"Ardsley Union Free School District, New York",NDA,ARDSLEY UNION FREE SCHOOL DISTRICT,NEW YORK,NCES_District-3603180,500 FARM RD,ARDSLEY,http://www.ardsleyschools.org
"Eastern Suffolk BOCES, New York",NDA,EASTERN SUFFOLK BOCES,NEW YORK,NCES_District-3680820,201 SUNRISE HWY,PATCHOGUE,http://www.esboces.org
"Bennington Public Schools, Nebraska",NDA,BENNINGTON PUBLIC SCHOOLS,NEBRASKA,NCES_District-3103990,11620 N 156TH ST,BENNINGTON,
"Frisco ISD, Texas",NDA,FRISCO ISD,TEXAS,NCES_District-4820010,5515 OHIO DR,FRISCO,http://www.friscoisd.org
"West Irondequoit Central School District, New York",NDA,WEST IRONDEQUOIT CENTRAL SCHOOL DISTRICT,NEW YORK,NCES_District-3615390,321 LIST AVE,ROCHESTER,http://www.westirondequoit.org
"Avon Central School District, New York",NDA,AVON CENTRAL SCHOOL DISTRICT,NEW YORK,NCES_District-3603660,191 CLINTON ST,AVON,http://www.avoncsd.org
"Wauwatosa School District, Wisconsin",NDA,WAUWATOSA SCHOOL DISTRICT,WISCONSIN,NCES_District-5515990,12121 W North Ave,Wauwatosa,http://www.wauwatosa.k12.wi.us
"Campbell County School District #1, Wyoming",NDA,CAMPBELL COUNTY SCHOOL DISTRICT #1,WYOMING,NCES_District-5601470,P.O. Box 3033,Gillette,http://www.ccsd.k12.wy.us/
"Millard Public Schools, Nebraska",NDA,MILLARD PUBLIC SCHOOLS,NEBRASKA,NCES_District-3173740,5606 S 147TH ST,OMAHA,
"Clover Park School District, Washington",NDA,CLOVER PARK SCHOOL DISTRICT,WASHINGTON,NCES_District-5301410,10903 GRAVELLY LAKE DR SW,LAKEWOOD,
"Lawrence Union Free School District, New York",NDA,LAWRENCE UNION FREE SCHOOL DISTRICT,NEW YORK,NCES_District-3616830,PO BOX 477,LAWRENCE,http://www.lawrence.org
"Long Beach City School District, New York",NDA,LONG BEACH CITY SCHOOL DISTRICT,NEW YORK,NCES_District-3617730,235 LIDO BLVD,LONG BEACH,http://www.lbeach.org
"Educational Service District 112, Washington",NDA,EDUCATIONAL SERVICE DISTRICT 112,WASHINGTON,NCES_District-5300005,2500 NE 65TH AVE,VANCOUVER,http://www.esd112.org
"Copperas Cove ISD, Texas",NDA,COPPERAS COVE ISD,TEXAS,NCES_District-4815240,408 S MAIN ST,COPPERAS COVE,http://www.ccisd.com
"Airport Community Schools, Michigan",NDA,AIRPORT COMMUNITY SCHOOLS,MICHIGAN,NCES_District-2601980,11270 GRAFTON RD,CARLETON,http://www.airportschools.com
"Flushing Community Schools, Michigan",NDA,FLUSHING COMMUNITY SCHOOLS,MICHIGAN,NCES_District-2614550,522 NORTH MCKINLEY RD,FLUSHING,http://www.flushingschools.org
"Educational Service District 105, Washington",NDA,EDUCATIONAL SERVICE DISTRICT 105,WASHINGTON,NCES_District-5300013,33 S 2ND AVE,YAKIMA,http://www.esd105.org/
"Clear Creek ISD, Texas",NDA,CLEAR CREEK ISD,TEXAS,NCES_District-4814280,P O BOX 799,LEAGUE CITY,http://www.ccisd.net
"Lamar County School District, Mississippi",NDA,LAMAR COUNTY SCHOOL DISTRICT,MISSISSIPPI,NCES_District-2802400,P.O. BOX 609,Purvis,http://ww.lamarcountyschools.org
"Edmonds School District, Washington",NDA,EDMONDS SCHOOL DISTRICT,WASHINGTON,NCES_District-5302400,20420 68TH AVE W,LYNNWOOD,
"Moravia Central School District, New York",NDA,MORAVIA CENTRAL SCHOOL DISTRICT,NEW YORK,NCES_District-3619800,PO BOX 1189,MORAVIA,http://www.moraviaschool.org
"Baldwinsville Central School District, New York",NDA,BALDWINSVILLE CENTRAL SCHOOL DISTRICT,NEW YORK,NCES_District-3603870,29 E ONEIDA ST,BALDWINSVILLE,http://www.bville.org
"Ohio County Schools, West Virginia",NDA,OHIO COUNTY SCHOOLS,WEST VIRGINIA,NCES_District-5401050,2203 NATIONAL ROAD,WHEELING,
"North Little Rock School District, Arkansas",NDA,NORTH LITTLE ROCK SCHOOL DISTRICT,ARKANSAS,NCES_District-0510680,2700 POPLAR ST,NORTH LITTLE ROCK,http://www.nlrsd.org
"Marion County Schools, West Virginia",NDA,MARION COUNTY SCHOOLS,WEST VIRGINIA,NCES_District-5400720,1516 MARY LOU RETTON DRIVE,FAIRMONT,
"Fort Wayne Community Schools, Indiana",NDA,FORT WAYNE COMMUNITY SCHOOLS,INDIANA,NCES_District-1803630,1200 S Clinton St,Fort Wayne,http://www.fortwayneschools.org/
"Snoqualmie Valley School District, Washington",NDA,SNOQUALMIE VALLEY SCHOOL DISTRICT,WASHINGTON,NCES_District-5308040,PO BOX 400,SNOQUALMIE,
"Timberlane Regional School District, New Hampshire",NDA,TIMBERLANE REGIONAL SCHOOL DISTRICT,NEW HAMPSHIRE,NCES_District-3306720,30 Greenough Rd.,Plaistow,http://www.timberlane.net/
"Santa Cruz County Office of Education, California",NDA,SANTA CRUZ COUNTY OFFICE OF EDUCATION,CALIFORNIA,NCES_District-0691036,400 Encinal St.,Santa Cruz,http://www.santacruzcoe.org
"Averill Park Central School District, New York",NDA,AVERILL PARK CENTRAL SCHOOL DISTRICT,NEW YORK,NCES_District-3600016,146 GETTLE RD-ST 1,AVERILL PARK,http://www.averillpark.k12.ny.us
"Round Rock ISD, Texas",NDA,ROUND ROCK ISD,TEXAS,NCES_District-4838080,1311 ROUND ROCK AVE,ROUND ROCK,http://www.roundrockisd.org
"Grand Prairie ISD, Texas",NDA,GRAND PRAIRIE ISD,TEXAS,NCES_District-4821420,BOX 531170,GRAND PRAIRIE,http://www.gpisd.org/
"Quincy School District, Washington",NDA,QUINCY SCHOOL DISTRICT,WASHINGTON,NCES_District-5307080,119 J ST SW,QUINCY,
"Sacramento County Office of Education, California",NDA,SACRAMENTO COUNTY OFFICE OF EDUCATION,CALIFORNIA,NCES_District-0691027,PO Box 269003,Sacramento,http://www.scoe.net
"Grand Island Central School District, New York",NDA,GRAND ISLAND CENTRAL SCHOOL DISTRICT,NEW YORK,NCES_District-3607020,1100 RANSOM RD,GRAND ISLAND,http://www.grandislandschools.org
"Aldine ISD, Texas",NDA,ALDINE ISD,TEXAS,NCES_District-4807710,2520 W W THORNE DR,HOUSTON,http://www.aldineisd.org
"Uplift Education, Texas",NDA,UPLIFT EDUCATION,TEXAS,NCES_District-4800030,3000 PEGASUS PARK DR STE 1100,DALLAS,http://www.upliftparent.org/uplifteducation
"Cedarburg School District, Wisconsin",NDA,CEDARBURG SCHOOL DISTRICT,WISCONSIN,NCES_District-5502460,W68N611 Evergreen Blvd,Cedarburg,http://www.cedarburg.k12.wi.us
"South Haven Public Schools, Michigan",NDA,SOUTH HAVEN PUBLIC SCHOOLS,MICHIGAN,NCES_District-2632300,554 GREEN ST,SOUTH HAVEN,http://www.shps.org
"Pullman School District, Washington",NDA,PULLMAN SCHOOL DISTRICT,WASHINGTON,NCES_District-5306930,240 SE DEXTER ST,PULLMAN,http://www.pullmanschools.org
"Putnam County Schools, West Virginia",NDA,PUTNAM COUNTY SCHOOLS,WEST VIRGINIA,NCES_District-5401200,77 COURTHOUSE DRIVE,WINFIELD,
"Stillwater Area Public Schools, Minnesota",NDA,STILLWATER AREA PUBLIC SCHOOLS,MINNESOTA,NCES_District-2738190,1875 GREELEY ST S,STILLWATER,http://www.stillwaterschools.org
"Nassau BOCES, New York",NDA,NASSAU BOCES,NEW YORK,NCES_District-3680540,PO BOX 9195,GARDEN CITY,http://www.nassauboces.org
"Newfane Central School District, New York",NDA,NEWFANE CENTRAL SCHOOL DISTRICT,NEW YORK,NCES_District-3620760,6273 CHARLOTTEVILLE RD,NEWFANE,http://www.newfane.wnyric.org
"Brooke County Schools, West Virginia",NDA,BROOKE COUNTY SCHOOLS,WEST VIRGINIA,NCES_District-5400150,1201 PLEASANT AVENUE,WELLSBURG,
"Goodrich Area Schools, Michigan",NDA,GOODRICH AREA SCHOOLS,MICHIGAN,NCES_District-2616320,8029 GALE RD,GOODRICH,http://www.goodrichschools.org
"Jonesville Community Schools, Michigan",NDA,JONESVILLE COMMUNITY SCHOOLS,MICHIGAN,NCES_District-2619920,115 East Street,Jonesville,http://jonesvilleschools.org
"San Marcos CISD, Texas",NDA,SAN MARCOS CISD,TEXAS,NCES_District-4838970,P O BOX 1087,SAN MARCOS,http://www.smcisd.net
"Oregon School District, Wisconsin",NDA,OREGON SCHOOL DISTRICT,WISCONSIN,NCES_District-5511100,123 E Grove St,Oregon,http://www.oregonsd.org
"Lancaster ISD, Texas",NDA,LANCASTER ISD,TEXAS,NCES_District-4826670,422 S CENTRE AVE,LANCASTER,http://www.lancasterisd.org
"Oak Creek-Franklin Joint School District, Wisconsin",NDA,OAK CREEK-FRANKLIN JOINT SCHOOL DISTRICT,WISCONSIN,NCES_District-5510830,7630 S 10th St,Oak Creek,http://www.ocfsd.org
"Okanogan School District, Washington",NDA,OKANOGAN SCHOOL DISTRICT,WASHINGTON,NCES_District-5306150,PO BOX 592,OKANOGAN,http://www.oksd.wednet.edu
"Conroe ISD, Texas",NDA,CONROE ISD,TEXAS,NCES_District-4815000,3205 W DAVIS,CONROE,http://www.conroeisd.net
"Lemmon School District 52-4, South Dakota",NDA,LEMMON SCHOOL DISTRICT 52-4,SOUTH DAKOTA,NCES_District-4641520,314 8th St W,Lemmon,http://www.lemmon.k12.sd.us
"Little Rock School District, Arkansas",NDA,LITTLE ROCK SCHOOL DISTRICT,ARKANSAS,NCES_District-0509000,810 W MARKHAM ST,LITTLE ROCK,http://www.lrsd.org
"Brockport Central School District, New York",NDA,BROCKPORT CENTRAL SCHOOL DISTRICT,NEW YORK,NCES_District-3605580,40 ALLEN ST,BROCKPORT,http://www.bcs1.org
"Hudson School District, Wisconsin",NDA,HUDSON SCHOOL DISTRICT,WISCONSIN,NCES_District-5506690,644 Brakke Dr,Hudson,http://www.hudsonraiders.org
"IDEA Public Schools, Texas",NDA,IDEA PUBLIC SCHOOLS,TEXAS,NCES_District-4800211,2115 W PIKE BLVD,WESLACO,http://www.ideapublicschools.org
"Houston ISD, Texas",NDA,HOUSTON ISD,TEXAS,NCES_District-4823640,4400 W 18TH ST,HOUSTON,http://www.houstonisd.org
"Nash County Public Schools, North Carolina",NDA,NASH COUNTY PUBLIC SCHOOLS,NORTH CAROLINA,NCES_District-3703270,930 Eastern Avenue,Nashville,http://ww.ncpschools.net
"Southgate Community School District, Michigan",NDA,SOUTHGATE COMMUNITY SCHOOL DISTRICT,MICHIGAN,NCES_District-2632340,13940 LEROY ST,SOUTHGATE,
"Randolph County School System, North Carolina",NDA,RANDOLPH COUNTY SCHOOL SYSTEM,NORTH CAROLINA,NCES_District-3703780,2222-C S Fayetteville Street,Asheboro,http://www.randolph.k12.nc.us/
"Irvington Union Free School District, New York",NDA,IRVINGTON UNION FREE SCHOOL DISTRICT,NEW YORK,NCES_District-3615450,40 N BROADWAY,IRVINGTON,http://www.irvingtonschools.org
"Hamilton Central School District, New York",NDA,HAMILTON CENTRAL SCHOOL DISTRICT,NEW YORK,NCES_District-3613380,47 W KENDRICK AVE,HAMILTON,http://www.hamiltoncentral.org
"North Country Supervisory Union, Vermont",NDA,NORTH COUNTRY SUPERVISORY UNION,VERMONT,NCES_District-5099931,121 Duchess Avenue Suite A,Newport,http://www.ncsuvt.org/
"Wheatland-Chili Central School District, New York",NDA,WHEATLAND-CHILI CENTRAL SCHOOL DISTRICT,NEW YORK,NCES_District-3631170,13 BECKWITH AVE,SCOTTSVILLE,http://www.wheatland.k12.ny.us
"Scottsbluff Public Schools, Nebraska",NDA,SCOTTSBLUFF PUBLIC SCHOOLS,NEBRASKA,NCES_District-3176470,1722 1ST AVENUE,SCOTTSBLUFF,
"Acadiana Renaissance Charter Academy, Louisiana",NDA,ACADIANA RENAISSANCE CHARTER ACADEMY,LOUISIANA,NCES_District-2200231,600 Savoy Rd,Youngsville,
"Olympia School District, Washington",NDA,OLYMPIA SCHOOL DISTRICT,WASHINGTON,NCES_District-5306180,111 BETHEL ST. NE,OLYMPIA,http://osd.wednet.edu
"Edgemont Union Free School District, New York",NDA,EDGEMONT UNION FREE SCHOOL DISTRICT,NEW YORK,NCES_District-3610200,300 WHITE OAK LN,SCARSDALE,http://www.edgemont.org
"Bedford Public Schools, Michigan",NDA,BEDFORD PUBLIC SCHOOLS,MICHIGAN,NCES_District-2604470,1135 SMITH RD,TEMPERANCE,http://www.bedford.k12.mi.us
"Middle Country Central School District, New York",NDA,MIDDLE COUNTRY CENTRAL SCHOOL DISTRICT,NEW YORK,NCES_District-3619200,8 43RD ST-ADM OFF,CENTEREACH,http://www.mccsd.net
"Greenwood ISD, Texas",NDA,GREENWOOD ISD,TEXAS,NCES_District-4821750,2700 FM 1379,MIDLAND,http://www.greenwood.esc18.net
"Westside Community Schools, Nebraska",NDA,WESTSIDE COMMUNITY SCHOOLS,NEBRASKA,NCES_District-3178660,909 S 76TH ST,OMAHA,
"Lake Fenton Community Schools, Michigan",NDA,LAKE FENTON COMMUNITY SCHOOLS,MICHIGAN,NCES_District-2620670,11425 TORREY RD,FENTON,http://www.lakefentonschools.org
"College Station ISD, Texas",NDA,COLLEGE STATION ISD,TEXAS,NCES_District-4807350,1812 WELSH AVE,COLLEGE STATION,http://www.csisd.org
"Boulder Valley School District No. Re2, Colorado",NDA,BOULDER VALLEY SCHOOL DISTRICT NO. RE2,COLORADO,NCES_District-0802490,P O BOX 9011,BOULDER,http://www.bvsd.org
"Rye City School District, New York",NDA,RYE CITY SCHOOL DISTRICT,NEW YORK,NCES_District-3625260,555 THEODORE FREMD AVE-ST B-101,RYE,http://www.ryeschools.org
"Frederick County Public Schools, Maryland",NDA,FREDERICK COUNTY PUBLIC SCHOOLS,MARYLAND,NCES_District-2400330,191 South East Street,Frederick,http://www.fcps.org
"Fresno County Office of Education, California",NDA,FRESNO COUNTY OFFICE OF EDUCATION,CALIFORNIA,NCES_District-0691007,1111 Van Ness Ave.,Fresno,http://www.fcoe.org
"Pinelands Regional School District, New Jersey",NDA,PINELANDS REGIONAL SCHOOL DISTRICT,NEW JERSEY,NCES_District-3413000,520 Nugentown Road,Little Egg Harbor,http://www.pinelandsregional.org
"Ballston Spa Central School District, New York",NDA,BALLSTON SPA CENTRAL SCHOOL DISTRICT,NEW YORK,NCES_District-3603930,70 MALTA AVE,BALLSTON SPA,http://www.bscsd.org
"Elgin ISD, Texas",NDA,ELGIN ISD,TEXAS,NCES_District-4818360,P O BOX 351,ELGIN,http://www.elginisd.net
"Stanley-Boyd Area School District, Wisconsin",NDA,STANLEY-BOYD AREA SCHOOL DISTRICT,WISCONSIN,NCES_District-5514430,507 E 1st Ave,Stanley,http://www.stanleyboyd.k12.wi.us
"Roseville Community Schools, Michigan",NDA,ROSEVILLE COMMUNITY SCHOOLS,MICHIGAN,NCES_District-2630210,18975 CHURCH ST,ROSEVILLE,http://www.rcs.misd.net
"Charles County Public Schools, Maryland",NDA,CHARLES COUNTY PUBLIC SCHOOLS,MARYLAND,NCES_District-2400270,P.O. Box 2770,La Plata,http://www.ccboe.com
"Northport-East Northport Union Free School District, New York",NDA,NORTHPORT-EAST NORTHPORT UNION FREE SCHOOL DISTRICT,NEW YORK,NCES_District-3621270,PO BOX 210,NORTHPORT,http://www.northport.k12.ny.us
"Stockbridge Community Schools, Michigan",NDA,STOCKBRIDGE COMMUNITY SCHOOLS,MICHIGAN,NCES_District-2633030,100 Price Ave Ste A,STOCKBRIDGE,http://panthernet.net
"Monroe 2-Orleans BOCES, New York",NDA,MONROE 2-ORLEANS BOCES,NEW YORK,NCES_District-3680520,3599 BIG RIDGE RD,SPENCERPORT,http://www.monroe2boces.org
"Rockport-Fulton ISD, Texas",NDA,ROCKPORT-FULTON ISD,TEXAS,NCES_District-4808550,P O BOX 907,ROCKPORT,http://www.rfisd.us
"Westhill Central School District, New York",NDA,WESTHILL CENTRAL SCHOOL DISTRICT,NEW YORK,NCES_District-3607320,400 WALBERTA RD,SYRACUSE,http://www.westhillschools.org
"Glen Cove City School District, New York",NDA,GLEN COVE CITY SCHOOL DISTRICT,NEW YORK,NCES_District-3612180,150 DOSORIS LN,GLEN COVE,http://www.glencoveschools.org
"Hamburg School District, Arkansas",NDA,HAMBURG SCHOOL DISTRICT,ARKANSAS,NCES_District-0500042,202 E PARKER ST,HAMBURG,http://hsdlions.org
"Uinta County School District #1, Wyoming",NDA,UINTA COUNTY SCHOOL DISTRICT #1,WYOMING,NCES_District-5602760,P.O. Box 6002,Evanston,http://www.uinta1.com
"Scarborough Public Schools, Maine",NDA,SCARBOROUGH PUBLIC SCHOOLS,MAINE,NCES_District-2310530,PO Box 370,Scarborough,http://www.scarboroughschools.org/
"Eastampton Township School District, New Jersey",NDA,EASTAMPTON TOWNSHIP SCHOOL DISTRICT,NEW JERSEY,NCES_District-3404350,1 Student Drive,Eastampton,http://www.etsdnj.us
"Converse County School District #1, Wyoming",NDA,CONVERSE COUNTY SCHOOL DISTRICT #1,WYOMING,NCES_District-5602140,615 Hamilton Street,Douglas,http://www.ccsd1.org
"Niagara Falls City School District, New York",NDA,NIAGARA FALLS CITY SCHOOL DISTRICT,NEW YORK,NCES_District-3620820,630 66TH ST,NIAGARA FALLS,http://www.nfschools.net
"Cabell County Schools, West Virginia",NDA,CABELL COUNTY SCHOOLS,WEST VIRGINIA,NCES_District-5400180,2850 5TH AVE,HUNTINGTON,
"Kenmore-Tonawanda Union Free School District, New York",NDA,KENMORE-TONAWANDA UNION FREE SCHOOL DISTRICT,NEW YORK,NCES_District-3616230,1500 COLVIN BLVD,BUFFALO,http://www.ktufsd.org
"Sun Prairie Area School District, Wisconsin",NDA,SUN PRAIRIE AREA SCHOOL DISTRICT,WISCONSIN,NCES_District-5514640,501 S Bird St,Sun Prairie,http://www.sunprairieschools.org
"Waunakee Community School District, Wisconsin",NDA,WAUNAKEE COMMUNITY SCHOOL DISTRICT,WISCONSIN,NCES_District-5515810,Administration and Maintenance,Waunakee,http://www.waunakee.k12.wi.us
"Norfolk City Public Schools, Virginia",NDA,NORFOLK CITY PUBLIC SCHOOLS,VIRGINIA,NCES_District-5102670,PO Box 1357,Norfolk,http://www.nps.k12.va.us
"Saline Area Schools, Michigan",NDA,SALINE AREA SCHOOLS,MICHIGAN,NCES_District-2630660,7265 N ANN ARBOR ST,SALINE,http://www.salineschools.org
"Shelby Eastern Schools, Indiana",NDA,SHELBY EASTERN SCHOOLS,INDIANA,NCES_District-1803210,2451 N 600 E,Shelbyville,http://www.ses.k12.in.us
"East Gibson School Corporation, Indiana",NDA,EAST GIBSON SCHOOL CORPORATION,INDIANA,NCES_District-1802940,941 S. Franklin St.,Oakland City,http://www.egsc.k12.in.us/
"Sweet Home Central School District, New York",NDA,SWEET HOME CENTRAL SCHOOL DISTRICT,NEW YORK,NCES_District-3628500,1901 SWEET HOME RD,AMHERST,http://www.sweethomeschools.org
"West Bloomfield School District, Michigan",NDA,WEST BLOOMFIELD SCHOOL DISTRICT,MICHIGAN,NCES_District-2635820,5810 COMMERCE RD,WEST BLOOMFIELD,
"Neenah Joint School District, Wisconsin",NDA,NEENAH JOINT SCHOOL DISTRICT,WISCONSIN,NCES_District-5510320,410 S Commercial St,Neenah,http://www.neenah.k12.wi.us
"Crandon School District, Wisconsin",NDA,CRANDON SCHOOL DISTRICT,WISCONSIN,NCES_District-5502910,9750 US Highway 8 W,Crandon,http://www.sdofcrandon.com
"Lake Travis ISD, Texas",NDA,LAKE TRAVIS ISD,TEXAS,NCES_District-4826470,3322 RANCH RD 620 S,AUSTIN,http://www.ltisdschools.org
"San Diego County Office of Education, California",NDA,SAN DIEGO COUNTY OFFICE OF EDUCATION,CALIFORNIA,NCES_District-0691030,6401 Linda Vista Rd.,San Diego,http://www.sdcoe.net
"Hamilton Southeastern Schools, Indiana",NDA,HAMILTON SOUTHEASTERN SCHOOLS,INDIANA,NCES_District-1810650,13485 Cumberland Rd,Fishers,http://www.hseschools.org/
"El Dorado School District, Arkansas",NDA,EL DORADO SCHOOL DISTRICT,ARKANSAS,NCES_District-0505680,200 W OAK ST,EL DORADO,http://www.eldoradopublicschools.com
"Hudson City School District, New York",NDA,HUDSON CITY SCHOOL DISTRICT,NEW YORK,NCES_District-3614940,215 HARRY HOWARD AVE,HUDSON,http://www.hudsoncsd.org
"Downsville Central School District, New York",NDA,DOWNSVILLE CENTRAL SCHOOL DISTRICT,NEW YORK,NCES_District-3609240,PO BOX J,DOWNSVILLE,http://www.dcseagles.org
"Killeen ISD, Texas",NDA,KILLEEN ISD,TEXAS,NCES_District-4825660,P O BOX 967,KILLEEN,http://www.killeenisd.org
"Randolph Township School District, New Jersey",NDA,RANDOLPH TOWNSHIP SCHOOL DISTRICT,NEW JERSEY,NCES_District-3413650,25 School House Road,Randolph,http://www.rtnj.org
"West Windsor-Plainsboro Regional School District, New Jersey",NDA,WEST WINDSOR-PLAINSBORO REGIONAL SCHOOL DISTRICT,NEW JERSEY,NCES_District-3417700,321 Village Rd East,West Windsor,http://www.ww-p.org/
"Watauga County Schools, North Carolina",NDA,WATAUGA COUNTY SCHOOLS,NORTH CAROLINA,NCES_District-3704830,175 Pioneer Trail,Boone,http://www.wataugaschools.org
"West De Pere School District, Wisconsin",NDA,WEST DE PERE SCHOOL DISTRICT,WISCONSIN,NCES_District-5516320,400 Reid St Ste W,De Pere,http://www.wdpsd.com
"Washougal School District, Washington",NDA,WASHOUGAL SCHOOL DISTRICT,WASHINGTON,NCES_District-5309540,4855 Evergreen Way,WASHOUGAL,http://www.washougal.k12.wa.us
"Roanoke City Public Schools, Virginia",NDA,ROANOKE CITY PUBLIC SCHOOLS,VIRGINIA,NCES_District-5103300,P O Box 13145,Roanoke,http://www.rcps.info
"Mayfield Central School District, New York",NDA,MAYFIELD CENTRAL SCHOOL DISTRICT,NEW YORK,NCES_District-3618750,27 SCHOOL ST,MAYFIELD,http://www.mayfieldk12.com
"Schuylerville Central School District, New York",NDA,SCHUYLERVILLE CENTRAL SCHOOL DISTRICT,NEW YORK,NCES_District-3626160,14 SPRING ST,SCHUYLERVILLE,http://www.schuylervilleschools.org
"Marcellus Central School District, New York",NDA,MARCELLUS CENTRAL SCHOOL DISTRICT,NEW YORK,NCES_District-3618480,2 REED PKWY,MARCELLUS,http://www.marcellusschools.org
"Reedsburg School District, Wisconsin",NDA,REEDSBURG SCHOOL DISTRICT,WISCONSIN,NCES_District-5512660,501 K St,Reedsburg,http://www.rsd.k12.wi.us
"Clarence Central School District, New York",NDA,CLARENCE CENTRAL SCHOOL DISTRICT,NEW YORK,NCES_District-3607590,9625 MAIN ST,CLARENCE,http://www.clarenceschools.org
"Horseheads Central School District, New York",NDA,HORSEHEADS CENTRAL SCHOOL DISTRICT,NEW YORK,NCES_District-3614850,143 HIBBARD RD,HORSEHEADS,http://www.horseheadsdistrict.com
"Seaford Union Free School District, New York",NDA,SEAFORD UNION FREE SCHOOL DISTRICT,NEW YORK,NCES_District-3626400,1600 WASHINGTON AVE,SEAFORD,http://www.seaford.k12.ny.us
"Hartford School District, Vermont",NDA,HARTFORD SCHOOL DISTRICT,VERMONT,NCES_District-5004590,1 Gifford Road,White River Junction,http://hsdvt.com/
"Greece Central School District, New York",NDA,GREECE CENTRAL SCHOOL DISTRICT,NEW YORK,NCES_District-3612630,750 MAIDEN LN,ROCHESTER,http://www.greececsd.org
"Mount Morris Central School District, New York",NDA,MOUNT MORRIS CENTRAL SCHOOL DISTRICT,NEW YORK,NCES_District-3620010,30 BONADONNA AVE,MOUNT MORRIS,http://www.mtmorriscsd.org
"Bellingham School District, Washington",NDA,BELLINGHAM SCHOOL DISTRICT,WASHINGTON,NCES_District-5300420,1306 DUPONT ST,BELLINGHAM,http://bellinghamschools.org
"Jackson County Schools, West Virginia",NDA,JACKSON COUNTY SCHOOLS,WEST VIRGINIA,NCES_District-5400540,P O BOX 770,RIPLEY,
"Clearbrook-Gonvick School District, Minnesota",NDA,CLEARBROOK-GONVICK SCHOOL DISTRICT,MINNESOTA,NCES_District-2700103,16770 CLEARWATER LAKE RD,CLEARBROOK,http://www.clearbrook-gonvick.k12.mn.us/
"Ridgefield School District, Washington",NDA,RIDGEFIELD SCHOOL DISTRICT,WASHINGTON,NCES_District-5307350,510 PIONEER STREET,RIDGEFIELD,http://www.ridgefieldsd.org
"Manassas City Public Schools, Virginia",NDA,MANASSAS CITY PUBLIC SCHOOLS,VIRGINIA,NCES_District-5102360,P.O. Box 520,Manassas,http://www.mcpsva.org
"Mukilteo School District, Washington",NDA,MUKILTEO SCHOOL DISTRICT,WASHINGTON,NCES_District-5305430,9401 SHARON DR,EVERETT,http://www.mukilteoschools.org
"Berks Career and Technology Center, Pennsylvania",NDA,BERKS CAREER AND TECHNOLOGY CENTER,PENNSYLVANIA,NCES_District-4280060,1057 County Welfare Road,Leesport,http://www.berkscareer.com
"Pender County Schools, North Carolina",NDA,PENDER COUNTY SCHOOLS,NORTH CAROLINA,NCES_District-3703570,925 Penderlea Hwy,Burgaw,http://www.pendercountyschools.net
"Duplin County Schools, North Carolina",NDA,DUPLIN COUNTY SCHOOLS,NORTH CAROLINA,NCES_District-3701200,PO Box 128,Kenansville,http://www.duplinschools.net
"East Central ISD, Texas",NDA,EAST CENTRAL ISD,TEXAS,NCES_District-4817850,6634 NEW SULPHUR SPRINGS RD,SAN ANTONIO,http://www.ecisd.net
"Port Washington Union Free School District, New York",NDA,PORT WASHINGTON UNION FREE SCHOOL DISTRICT,NEW YORK,NCES_District-3623580,100 CAMPUS DR,PORT WASHINGTON,http://www.portnet.org
"Lower Yukon School District, Alaska",NDA,LOWER YUKON SCHOOL DISTRICT,ALASKA,NCES_District-0200003,PO Box 32089,Mountain Village,http://www.lysd.org/
"Union City School District, New Jersey",NDA,UNION CITY SCHOOL DISTRICT,NEW JERSEY,NCES_District-3416380,3912 Bergen Turnpike,Union City,http://www.ucboe.us
"Avoca Central School District, New York",NDA,AVOCA CENTRAL SCHOOL DISTRICT,NEW YORK,NCES_District-3603630,PO BOX G,AVOCA,http://www.avocacsd.org
"Richfield Springs Central School District, New York",NDA,RICHFIELD SPRINGS CENTRAL SCHOOL DISTRICT,NEW YORK,NCES_District-3624570,PO BOX 631,RICHFIELD SPRINGS,http://www.richfieldcsd.org
"Manton Consolidated Schools, Michigan",NDA,MANTON CONSOLIDATED SCHOOLS,MICHIGAN,NCES_District-2622500,105 5TH ST,MANTON,http://www.mantonschools.org
"Goshen Central School District, New York",NDA,GOSHEN CENTRAL SCHOOL DISTRICT,NEW YORK,NCES_District-3612330,227 MAIN ST,GOSHEN,http://www.goshenschoolsny.org
"Stoughton Area School District, Wisconsin",NDA,STOUGHTON AREA SCHOOL DISTRICT,WISCONSIN,NCES_District-5514550,320 North St,Stoughton,http://www.stoughton.k12.wi.us
"Albion Central School District, New York",NDA,ALBION CENTRAL SCHOOL DISTRICT,NEW YORK,NCES_District-3602520,324 EAST AVE,ALBION,http://www.albionk12.org
"Queensbury Union Free School District, New York",NDA,QUEENSBURY UNION FREE SCHOOL DISTRICT,NEW YORK,NCES_District-3624030,429 AVIATION RD,QUEENSBURY,http://www.queensburyschool.org
"Fraser Public Schools, Michigan",NDA,FRASER PUBLIC SCHOOLS,MICHIGAN,NCES_District-2614820,33466 GARFIELD RD,FRASER,http://www.fraser.k12.mi.us/fps
"Central Islip Union Free School District, New York",NDA,CENTRAL ISLIP UNION FREE SCHOOL DISTRICT,NEW YORK,NCES_District-3606870,PO BOX 9027,CENTRAL ISLIP,http://www.centralislip.k12.ny.us
"Louisville Public Schools, Nebraska",NDA,LOUISVILLE PUBLIC SCHOOLS,NEBRASKA,NCES_District-3173050,202 W 3RD,LOUISVILLE,
"Duanesburg Central School District, New York",NDA,DUANESBURG CENTRAL SCHOOL DISTRICT,NEW YORK,NCES_District-3609360,133 SCHOOL DR,DELANSON,http://www.duanesburg.org
"East Islip Union Free School District, New York",NDA,EAST ISLIP UNION FREE SCHOOL DISTRICT,NEW YORK,NCES_District-3609720,1 C B GARIEPY AVE,ISLIP TERRACE,http://www.eischools.org
"Franklin Public Schools, Nebraska",NDA,FRANKLIN PUBLIC SCHOOLS,NEBRASKA,NCES_District-3100065,1001 M ST,FRANKLIN,
"Whitefish Bay School District, Wisconsin",NDA,WHITEFISH BAY SCHOOL DISTRICT,WISCONSIN,NCES_District-5516620,1200 E Fairmount Ave,Whitefish Bay,http://www.wfbschools.com
"Soap Lake School District, Washington",NDA,SOAP LAKE SCHOOL DISTRICT,WASHINGTON,NCES_District-5308070,410 GINKGO ST S,SOAP LAKE,http://www.slschools.org
"Union County Public Schools, North Carolina",NDA,UNION COUNTY PUBLIC SCHOOLS,NORTH CAROLINA,NCES_District-3704620,307 E. Jefferson Street,Monroe,http://www.ucps.k12.nc.us
"Robinson ISD, Texas",NDA,ROBINSON ISD,TEXAS,NCES_District-4837410,500 W LYNDALE,ROBINSON,http://www.risdweb.org
"Redfield School District 56-4, South Dakota",NDA,REDFIELD SCHOOL DISTRICT 56-4,SOUTH DAKOTA,NCES_District-4660450,PO Box 560,Redfield,http://www.redfield.k12.sd.us
"Hilton Central School District, New York",NDA,HILTON CENTRAL SCHOOL DISTRICT,NEW YORK,NCES_District-3614460,225 WEST AVE,HILTON,http://www.hilton.k12.ny.us
"Chapel Hill-Carrboro City Schools, North Carolina",NDA,CHAPEL HILL-CARRBORO CITY SCHOOLS,NORTH CAROLINA,NCES_District-3700720,750 S Merritt Mill Rd,Chapel Hill,http://www.chccs.k12.nc.us/
"Calhoun County Schools, West Virginia",NDA,CALHOUN COUNTY SCHOOLS,WEST VIRGINIA,NCES_District-5400210,540 ALAN B MOLLOHAN DRIVE,MT. ZION,
"South Orangetown Central School District, New York",NDA,SOUTH ORANGETOWN CENTRAL SCHOOL DISTRICT,NEW YORK,NCES_District-3627450,160 VAN WYCK RD,BLAUVELT,http://www.socsd.org
"Sherman ISD, Texas",NDA,SHERMAN ISD,TEXAS,NCES_District-4840080,P O BOX 1176,SHERMAN,http://www.shermanisd.net/
"Chenango Forks Central School District, New York",NDA,CHENANGO FORKS CENTRAL SCHOOL DISTRICT,NEW YORK,NCES_District-3607260,1 GORDON DR,BINGHAMTON,http://www.cforks.org
"Morris Hills Regional School District, New Jersey",NDA,MORRIS HILLS REGIONAL SCHOOL DISTRICT,NEW JERSEY,NCES_District-3410740,48 Knoll Drive,Denville,http://www.mhrd.org
"San Angelo ISD, Texas",NDA,SAN ANGELO ISD,TEXAS,NCES_District-4838700,1621 UNIVERSITY AVE,SAN ANGELO,http://www.saisd.org/
"Bay-Arenac ISD, Michigan",NDA,BAY-ARENAC ISD,MICHIGAN,NCES_District-2680504,4228 2 MILE RD,BAY CITY,http://www.baisd.net
"Herricks Union Free School District, New York",NDA,HERRICKS UNION FREE SCHOOL DISTRICT,NEW YORK,NCES_District-3614280,999 HERRICKS RD,NEW HYDE PARK,http://www.herricks.org
"Elkhorn Valley Schools, Nebraska",NDA,ELKHORN VALLEY SCHOOLS,NEBRASKA,NCES_District-3100025,601 S MADISON STREET,TILDEN,
"White Salmon Valley School District, Washington",NDA,WHITE SALMON VALLEY SCHOOL DISTRICT,WASHINGTON,NCES_District-5309810,PO BOX 157,WHITE SALMON,
"Forestville Central School District, New York",NDA,FORESTVILLE CENTRAL SCHOOL DISTRICT,NEW YORK,NCES_District-3611250,12 WATER ST,FORESTVILLE,http://www.forestville.com
"Marlboro Central School District, New York",NDA,MARLBORO CENTRAL SCHOOL DISTRICT,NEW YORK,NCES_District-3618570,21 MILTON TPKE-STE 100,MILTON,http://www.marlboroschools.org
"Ellensburg School District, Washington",NDA,ELLENSBURG SCHOOL DISTRICT,WASHINGTON,NCES_District-5302460,1300 E 3RD AVE,ELLENSBURG,http://esd401.org
"Sampson County Schools, North Carolina",NDA,SAMPSON COUNTY SCHOOLS,NORTH CAROLINA,NCES_District-3704140,437 Rowan Rd,Clinton,http://www.sampson.k12.nc.us/
"Wenatchee School District, Washington",NDA,WENATCHEE SCHOOL DISTRICT,WASHINGTON,NCES_District-5309660,235 Sunset Ave,WENATCHEE,http://wenatcheeschools.org
"Alameda County Office of Education, California",NDA,ALAMEDA COUNTY OFFICE OF EDUCATION,CALIFORNIA,NCES_District-0691051,313 West Winton Ave.,Hayward,http://www.acoe.org
"Addison Central School District, New York",NDA,ADDISON CENTRAL SCHOOL DISTRICT,NEW YORK,NCES_District-3602370,7 CLEVELAND DR-STE 101,ADDISON,http://www.addisoncsd.org
"Wabasha-Kellogg School District, Minnesota",NDA,WABASHA-KELLOGG SCHOOL DISTRICT,MINNESOTA,NCES_District-2741060,2113 HIAWATHA DR E,WABASHA,http://www.wabasha-kellogg.k12.mn.us/
"Pembroke Central School District, New York",NDA,PEMBROKE CENTRAL SCHOOL DISTRICT,NEW YORK,NCES_District-3608340,PO BOX 308,CORFU,http://www.pembrokecsd.org
"Necedah Area School District, Wisconsin",NDA,NECEDAH AREA SCHOOL DISTRICT,WISCONSIN,NCES_District-5510230,1801 S Main St,Necedah,http://www.necedahschools.org
"Florida Union Free School District, New York",NDA,FLORIDA UNION FREE SCHOOL DISTRICT,NEW YORK,NCES_District-3625320,PO DRAWER 757,FLORIDA,http://www.floridaufsd.org
"Everman ISD, Texas",NDA,EVERMAN ISD,TEXAS,NCES_District-4818810,1520 E EVERMAN PKWY,FORT WORTH,http://www.eisd.org
"Littlefield ISD, Texas",NDA,LITTLEFIELD ISD,TEXAS,NCES_District-4827750,1207 E 14TH ST,LITTLEFIELD,http://www.lfdisd.org
"Edgewood ISD, Texas",NDA,EDGEWOOD ISD,TEXAS,NCES_District-4818120,804 E PINE ST,EDGEWOOD,http://www.edgewood-isd.net
"Edgewood ISD, Texas",NDA,EDGEWOOD ISD,TEXAS,NCES_District-4818150,5358 W COMMERCE ST,SAN ANTONIO,http://www.eisd.net
"Cherry Valley-Springfield Central School District, New York",NDA,CHERRY VALLEY-SPRINGFIELD CENTRAL SCHOOL DISTRICT,NEW YORK,NCES_District-3600006,PO BOX 485,CHERRY VALLEY,http://www.cvscs.org
"Lebanon School District, New Hampshire",NDA,LEBANON SCHOOL DISTRICT,NEW HAMPSHIRE,NCES_District-3304230,Seminary Hill School,West Lebanon,
"Fillmore Central School District, New York",NDA,FILLMORE CENTRAL SCHOOL DISTRICT,NEW YORK,NCES_District-3611070,PO BOX 177,FILLMORE,http://www.fillmorecsd.org
"Fluvanna County Public Schools, Virginia",NDA,FLUVANNA COUNTY PUBLIC SCHOOLS,VIRGINIA,NCES_District-5101380,14455 James Madison Highway,Palmyra,http://www.fluco.org
"Baraboo School District, Wisconsin",NDA,BARABOO SCHOOL DISTRICT,WISCONSIN,NCES_District-5500810,423 Linn St,Baraboo,http://www.baraboo.k12.wi.us
"Orchard Park Central School District, New York",NDA,ORCHARD PARK CENTRAL SCHOOL DISTRICT,NEW YORK,NCES_District-3621900,2240 SOUTHWESTERN BLVD,WEST SENECA,http://www.opschools.org
"Kettle Moraine School District, Wisconsin",NDA,KETTLE MORAINE SCHOOL DISTRICT,WISCONSIN,NCES_District-5503510,563 A J Allen Cir,Wales,http://www.kmsd.edu
"Monona Grove School District, Wisconsin",NDA,MONONA GROVE SCHOOL DISTRICT,WISCONSIN,NCES_District-5509810,5301 Monona Dr,Monona,http://www.mononagrove.org
"Greenville Central School District, New York",NDA,GREENVILLE CENTRAL SCHOOL DISTRICT,NEW YORK,NCES_District-3612870,PO BOX 129,GREENVILLE,http://www.greenvillecsd.org
"Liberty County, Georgia",NDA,LIBERTY COUNTY,GEORGIA,NCES_District-1303300,110 S. Gause St.,Hinesville,
"Ossining Union Free School District, New York",NDA,OSSINING UNION FREE SCHOOL DISTRICT,NEW YORK,NCES_District-3622020,400 EXECUTIVE BLVD,OSSINING,http://www.ossiningufsd.org
"Sidney Central School District, New York",NDA,SIDNEY CENTRAL SCHOOL DISTRICT,NEW YORK,NCES_District-3626850,95 W MAIN ST,SIDNEY,http://www.sidneycsd.org
"Susquehanna Valley Central School District, New York",NDA,SUSQUEHANNA VALLEY CENTRAL SCHOOL DISTRICT,NEW YORK,NCES_District-3628380,PO BOX 200,CONKLIN,http://www.svsabers.org
"Kaukauna Area School District, Wisconsin",NDA,KAUKAUNA AREA SCHOOL DISTRICT,WISCONSIN,NCES_District-5507290,District Office,Kaukauna,http://www.kaukauna.k12.wi.us
"Marysville Public Schools, Michigan",NDA,MARYSVILLE PUBLIC SCHOOLS,MICHIGAN,NCES_District-2623040,495 East Huron Blvd,MARYSVILLE,http://www.marysvilleschools.us
"Rockaway Township School District, New Jersey",NDA,ROCKAWAY TOWNSHIP SCHOOL DISTRICT,NEW JERSEY,NCES_District-3414130,16 School Road,Hibernia,http://www.rocktwp.net
"Ulster BOCES, New York",NDA,ULSTER BOCES,NEW YORK,NCES_District-3680920,175 RTE 32 N,NEW PALTZ,http://www.ulsterboces.org
"Montgomery County Public Schools, Virginia",NDA,MONTGOMERY COUNTY PUBLIC SCHOOLS,VIRGINIA,NCES_District-5102520,750 Imperial St.,Christiansburg,http://www.mcps.org
"Henry Hudson Regional School District, New Jersey",NDA,HENRY HUDSON REGIONAL SCHOOL DISTRICT,NEW JERSEY,NCES_District-3407050,1 Grand Tour,Highlands,http://www.henryhudsonreg.k12.nj.us
"Estes Park School District R-3, Colorado",NDA,ESTES PARK SCHOOL DISTRICT R-3,COLORADO,NCES_District-0803810,1605 BRODIE AVENUE,ESTES PARK,http://www.estesschools.org
"Syosset Central School District, New York",NDA,SYOSSET CENTRAL SCHOOL DISTRICT,NEW YORK,NCES_District-3628560,PO BOX 9029,SYOSSET,http://syossetschools.org
"Wabeno Area School District, Wisconsin",NDA,WABENO AREA SCHOOL DISTRICT,WISCONSIN,NCES_District-5515390,Wabeno Elementary School,Wabeno,http://www.wabeno.k12.wi.us
"Westminster Public Schools, Colorado",NDA,WESTMINSTER PUBLIC SCHOOLS,COLORADO,NCES_District-0807230,6933 RALEIGH STREET,WESTMINSTER,http://www.westminsterpublicschools.org/
"Wood County Schools, West Virginia",NDA,WOOD COUNTY SCHOOLS,WEST VIRGINIA,NCES_District-5401620,1210 13TH STREET,PARKERSBURG,
"Schalmont Central School District, New York",NDA,SCHALMONT CENTRAL SCHOOL DISTRICT,NEW YORK,NCES_District-3625980,4 SABRE DR,SCHENECTADY,http://www.schalmont.org
"Portland Public Schools, Maine",NDA,PORTLAND PUBLIC SCHOOLS,MAINE,NCES_District-2309930,353 Cumberland Ave,Portland,http://www.portlandschools.org/
"Hastings-on-Hudson Union Free School District, New York",NDA,HASTINGS-ON-HUDSON UNION FREE SCHOOL DISTRICT,NEW YORK,NCES_District-3613950,27 FARRAGUT AVE,HASTINGS ON HUDSON,http://www.hohschools.org
"Little Chute Area School District, Wisconsin",NDA,LITTLE CHUTE AREA SCHOOL DISTRICT,WISCONSIN,NCES_District-5508160,1402 Freedom Rd,Little Chute,http://www.littlechute.k12.wi.us
"Gananda Central School District, New York",NDA,GANANDA CENTRAL SCHOOL DISTRICT,NEW YORK,NCES_District-3611740,1500 DAYSPRING RDG,WALWORTH,http://www.gananda.org
"Merton Community School District, Wisconsin",NDA,MERTON COMMUNITY SCHOOL DISTRICT,WISCONSIN,NCES_District-5509360,PO Box 15,Merton,http://www.merton.k12.wi.us
"Harnett County Schools, North Carolina",NDA,HARNETT COUNTY SCHOOLS,NORTH CAROLINA,NCES_District-3702010,PO Box 1029,Lillington,http://www.harnett.k12.nc.us/
"Randolph Field ISD, Texas",NDA,RANDOLPH FIELD ISD,TEXAS,NCES_District-4836450,P O BOX 2217,UNIVERSAL CITY,http://www.rfisd.net
"Afton Central School District, New York",NDA,AFTON CENTRAL SCHOOL DISTRICT,NEW YORK,NCES_District-3602400,PO BOX 5,AFTON,http://www.aftoncsd.org
"Reed City Area Public Schools, Michigan",NDA,REED CITY AREA PUBLIC SCHOOLS,MICHIGAN,NCES_District-2629490,225 WEST CHURCH AVE STE A,REED CITY,
"Washington State University, Washington",NDA,WASHINGTON STATE UNIVERSITY,WASHINGTON,NCES_District-5300317,WSU,Pullman,
"Washakie County School District #2, Wyoming",NDA,WASHAKIE COUNTY SCHOOL DISTRICT #2,WYOMING,NCES_District-5605820,P.O. Box 105,Ten Sleep,http://www.wsh2.k12.wy.us
"Harper Creek Community Schools, Michigan",NDA,HARPER CREEK COMMUNITY SCHOOLS,MICHIGAN,NCES_District-2617730,7454 B DR N,BATTLE CREEK,http://harpercreek.net
"Cleveland County Schools, North Carolina",NDA,CLEVELAND COUNTY SCHOOLS,NORTH CAROLINA,NCES_District-3700900,400 West Marion Street,Shelby,http://www.clevelandcountyschools.org/
"Whitnall School District, Wisconsin",NDA,WHITNALL SCHOOL DISTRICT,WISCONSIN,NCES_District-5506000,5000 S 116th St,Greenfield,http://www.whitnall.com
"Hopkinton School District, New Hampshire",NDA,HOPKINTON SCHOOL DISTRICT,NEW HAMPSHIRE,NCES_District-3303900,204 Maple St.,Contoocook,http://www.hopkintonschools.org/en-US
"Sheridan School District, Arkansas",NDA,SHERIDAN SCHOOL DISTRICT,ARKANSAS,NCES_District-0500015,400 N ROCK,SHERIDAN,http://www.sheridanschools.org
"David City Public Schools, Nebraska",NDA,DAVID CITY PUBLIC SCHOOLS,NEBRASKA,NCES_District-3100002,750 D ST,DAVID CITY,
"East Rockaway Union Free School District, New York",NDA,EAST ROCKAWAY UNION FREE SCHOOL DISTRICT,NEW YORK,NCES_District-3609960,443 OCEAN AVE,EAST ROCKAWAY,http://www.eastrockawayschools.org
"Lakeland School District, Pennsylvania",NDA,LAKELAND SCHOOL DISTRICT,PENNSYLVANIA,NCES_District-4213050,1355 Lakeland Drive,Scott Township,http://www.lakelandsd.org/
"Pleasantville Union Free School District, New York",NDA,PLEASANTVILLE UNION FREE SCHOOL DISTRICT,NEW YORK,NCES_District-3623310,60 ROMER AVE,PLEASANTVILLE,http://www.pleasantvilleschools.com
"Blissfield Community Schools, Michigan",NDA,BLISSFIELD COMMUNITY SCHOOLS,MICHIGAN,NCES_District-2606000,630 SOUTH LANE ST,BLISSFIELD,http://www.blissfieldschools.us
"Lockport City School District, New York",NDA,LOCKPORT CITY SCHOOL DISTRICT,NEW YORK,NCES_District-3617670,130 BEATTIE AVE,LOCKPORT,http://www.lockportschools.org
"Waterloo Central School District, New York",NDA,WATERLOO CENTRAL SCHOOL DISTRICT,NEW YORK,NCES_District-3600014,109 WASHINGTON ST,WATERLOO,http://www.waterloocsd.org
"Shamong Township School District, New Jersey",NDA,SHAMONG TOWNSHIP SCHOOL DISTRICT,NEW JERSEY,NCES_District-3414880,295 Indian Mills Road,Shamong,http://www.shamongschools.org
"Frontier Central School District, New York",NDA,FRONTIER CENTRAL SCHOOL DISTRICT,NEW YORK,NCES_District-3611670,S 5120 ORCHARD AVE,HAMBURG,http://www.frontier.wnyric.org
"University of Virginia, Virginia",NDA,UNIVERSITY OF VIRGINIA,VIRGINIA,NCES_District-5100041,UVA Health System,Charlottesville,
"Berlin Township School District, New Jersey",NDA,BERLIN TOWNSHIP SCHOOL DISTRICT,NEW JERSEY,NCES_District-3401620,225 Grove Avenue,West Berlin,http://www.btwpschools.org
"New Lebanon Local School District, Ohio",NDA,NEW LEBANON LOCAL SCHOOL DISTRICT,OHIO,NCES_District-3904871,320 S Fuls Rd,New Lebanon,http://www.newlebanonschools.org/
"Brodhead School District, Wisconsin",NDA,BRODHEAD SCHOOL DISTRICT,WISCONSIN,NCES_District-5501740,2501 W 5th Ave,Brodhead,http://www.brodhead.k12.wi.us
"Walton Central School District, New York",NDA,WALTON CENTRAL SCHOOL DISTRICT,NEW YORK,NCES_District-3629820,47-49 STOCKTON AVE,WALTON,http://www.waltoncsd.org
"Burlington Township School District, New Jersey",NDA,BURLINGTON TOWNSHIP SCHOOL DISTRICT,NEW JERSEY,NCES_District-3402460,P.O. Box 428,Burlington,http://www.burltwpsch.org
"Guilford County Schools, North Carolina",NDA,GUILFORD COUNTY SCHOOLS,NORTH CAROLINA,NCES_District-3701920,PO Box 880,Greensboro,http://www.gcsnc.com
"Washakie County School District #1, Wyoming",NDA,WASHAKIE COUNTY SCHOOL DISTRICT #1,WYOMING,NCES_District-5606240,1900 Howell Avenue,Worland,http://www.wsh1.k12.wy.us/
"Wilson County Schools, North Carolina",NDA,WILSON COUNTY SCHOOLS,NORTH CAROLINA,NCES_District-3705020,PO Box 2048,Wilson,http://www.wilsonschoolsnc.net
"Vance County Schools, North Carolina",NDA,VANCE COUNTY SCHOOLS,NORTH CAROLINA,NCES_District-3704650,PO Box 7001,Henderson,http://www.vcs.k12.nc.us
"New Hartford Central School District, New York",NDA,NEW HARTFORD CENTRAL SCHOOL DISTRICT,NEW YORK,NCES_District-3620370,33 OXFORD RD,NEW HARTFORD,http://www.nhart.org
"Levittown Union Free School District, New York",NDA,LEVITTOWN UNION FREE SCHOOL DISTRICT,NEW YORK,NCES_District-3617160,150 ABBEY LN,LEVITTOWN,http://www.levittownschools.com
"Eureka School District 44-1, South Dakota",NDA,EUREKA SCHOOL DISTRICT 44-1,SOUTH DAKOTA,NCES_District-4622560,PO Box 10,Eureka,http://www.eureka.k12.sd.us
"Ashwaubenon School District, Wisconsin",NDA,ASHWAUBENON SCHOOL DISTRICT,WISCONSIN,NCES_District-5500540,1055 Griffiths Ln,Green Bay,http://www.ashwaubenon.k12.wi.us
"St. Charles Community Schools, Michigan",NDA,ST. CHARLES COMMUNITY SCHOOLS,MICHIGAN,NCES_District-2632640,891 WEST WALNUT ST,SAINT CHARLES,http://www.stccs.org
"Van Dyke Public Schools, Michigan",NDA,VAN DYKE PUBLIC SCHOOLS,MICHIGAN,NCES_District-2634680,23500 MAC ARTHUR BLVD,WARREN,http://www.vdps.net
"Franklin Pierce School District, Washington",NDA,FRANKLIN PIERCE SCHOOL DISTRICT,WASHINGTON,NCES_District-5302940,315 129TH ST S,TACOMA,
"Loudoun County Public Schools, Virginia",NDA,LOUDOUN COUNTY PUBLIC SCHOOLS,VIRGINIA,NCES_District-5102250,21000 Education Court,Ashburn,http://www.lcps.org
"Mead School District, Washington",NDA,MEAD SCHOOL DISTRICT,WASHINGTON,NCES_District-5304920,2323 E Farwell Rd,MEAD,http://www.mead354.org
"Muncie Community Schools, Indiana",NDA,MUNCIE COMMUNITY SCHOOLS,INDIANA,NCES_District-1807320,4301 S. Cowan Road,Muncie,http://www.muncie.k12.in.us/
"Gates Chili Central School District, New York",NDA,GATES CHILI CENTRAL SCHOOL DISTRICT,NEW YORK,NCES_District-3611880,3 SPARTAN WAY,ROCHESTER,http://www.gateschili.org
"Durham Public Schools, North Carolina",NDA,DURHAM PUBLIC SCHOOLS,NORTH CAROLINA,NCES_District-3701260,PO Box 30002,Durham,http://www.dpsnc.net
"Bordentown Regional School District, New Jersey",NDA,BORDENTOWN REGIONAL SCHOOL DISTRICT,NEW JERSEY,NCES_District-3402030,318 Ward Avenue,Bordentown,http://www.bordentown.k12.nj.us
"Crete Public Schools, Nebraska",NDA,CRETE PUBLIC SCHOOLS,NEBRASKA,NCES_District-3100095,930 MAIN AVE,CRETE,
"Anacortes School District, Washington",NDA,ANACORTES SCHOOL DISTRICT,WASHINGTON,NCES_District-5300150,2200 M AVE,ANACORTES,
"Lapeer Community Schools, Michigan",NDA,LAPEER COMMUNITY SCHOOLS,MICHIGAN,NCES_District-2621180,250 2ND ST,LAPEER,
"Cincinnatus Central School District, New York",NDA,CINCINNATUS CENTRAL SCHOOL DISTRICT,NEW YORK,NCES_District-3607560,2809 CINCINNATUS RD,CINCINNATUS,http://www.cc.cnyric.org
"Greensburg Community Schools, Indiana",NDA,GREENSBURG COMMUNITY SCHOOLS,INDIANA,NCES_District-1804080,1312 W Westridge Pky,Greensburg,http://www.greensburg.k12.in.us
"Warden School District, Washington",NDA,WARDEN SCHOOL DISTRICT,WASHINGTON,NCES_District-5309510,101 W BECK WAY,WARDEN,http://www.warden.wednet.edu
"Marshall County Schools, West Virginia",NDA,MARSHALL COUNTY SCHOOLS,WEST VIRGINIA,NCES_District-5400750,PO BOX 578,MOUNDSVILLE,
"North Brunswick Township School District, New Jersey",NDA,NORTH BRUNSWICK TOWNSHIP SCHOOL DISTRICT,NEW JERSEY,NCES_District-3411490,PO Box 6016,North Brunswick,http://www.nbtschools.org
"Akron Central School District, New York",NDA,AKRON CENTRAL SCHOOL DISTRICT,NEW YORK,NCES_District-3602430,47 BLOOMINGDALE AVE,AKRON,http://www.akronschools.org
"City Schools of Decatur, Georgia",NDA,CITY SCHOOLS OF DECATUR,GEORGIA,NCES_District-1301680,125 Electric Avenue,Decatur,
"Fairport Central School District, New York",NDA,FAIRPORT CENTRAL SCHOOL DISTRICT,NEW YORK,NCES_District-3610890,38 W CHURCH ST,FAIRPORT,http://www.fairport.org
"Jackson Public Schools, Michigan",NDA,JACKSON PUBLIC SCHOOLS,MICHIGAN,NCES_District-2619620,522 WILDWOOD AVE,JACKSON,http://www.jpsk12.org
"Starpoint Central School District, New York",NDA,STARPOINT CENTRAL SCHOOL DISTRICT,NEW YORK,NCES_District-3628050,4363 MAPLETON RD,LOCKPORT,http://www.starpointcsd.org
"Williamsville Central School District, New York",NDA,WILLIAMSVILLE CENTRAL SCHOOL DISTRICT,NEW YORK,NCES_District-3631470,PO BOX 5000,EAST AMHERST,http://www.williamsvillek12.org
"Richland School District, Wisconsin",NDA,RICHLAND SCHOOL DISTRICT,WISCONSIN,NCES_District-5512960,PO Box 649,Richland Center,http://www.richland.k12.wi.us
"Kennewick School District, Washington",NDA,KENNEWICK SCHOOL DISTRICT,WASHINGTON,NCES_District-5303930,1000 W. 4th Avenue,KENNEWICK,http://www.ksd.org
"Caledonia Community Schools, Michigan",NDA,CALEDONIA COMMUNITY SCHOOLS,MICHIGAN,NCES_District-2607620,8948 KRAFT AVE SE,CALEDONIA,http://www.calschools.org
"Batesville School District, Arkansas",NDA,BATESVILLE SCHOOL DISTRICT,ARKANSAS,NCES_District-0500019,955 WATER ST,BATESVILLE,http://www.batesvilleschools.com
"Lake Hamilton School District, Arkansas",NDA,LAKE HAMILTON SCHOOL DISTRICT,ARKANSAS,NCES_District-0508610,205 WOLF ST,PEARCY,http://wolves.k12.ar.us
"Amherst Central School District, New York",NDA,AMHERST CENTRAL SCHOOL DISTRICT,NEW YORK,NCES_District-3602920,55 KINGS HWY,AMHERST,http://www.amherstschools.org
"Wallkill Central School District, New York",NDA,WALLKILL CENTRAL SCHOOL DISTRICT,NEW YORK,NCES_District-3629790,PO BOX 310,WALLKILL,http://www.wallkillcsd.k12.ny.us
"Kiona-Benton City School District, Washington",NDA,KIONA-BENTON CITY SCHOOL DISTRICT,WASHINGTON,NCES_District-5304020,1105 DALE AVE,BENTON CITY,http://www.kibesd.org
"Cazenovia Central School District, New York",NDA,CAZENOVIA CENTRAL SCHOOL DISTRICT,NEW YORK,NCES_District-3606780,31 EMORY AVE,CAZENOVIA,http://www.caz.cnyric.org
"Auburn School District, Washington",NDA,AUBURN SCHOOL DISTRICT,WASHINGTON,NCES_District-5300300,915 4TH ST NE,AUBURN,
"West Seneca Central School District, New York",NDA,WEST SENECA CENTRAL SCHOOL DISTRICT,NEW YORK,NCES_District-3630780,900 MILL RD,WEST SENECA,http://www.wscschools.org
"Putnam Valley Central School District, New York",NDA,PUTNAM VALLEY CENTRAL SCHOOL DISTRICT,NEW YORK,NCES_District-3624000,171 OSCAWANA LAKE RD,PUTNAM VALLEY,http://www.pvcsd.org
"Royal Oak Schools, Michigan",NDA,ROYAL OAK SCHOOLS,MICHIGAN,NCES_District-2630300,800 DeVillen Avenue,ROYAL OAK,http://www.royaloakschools.org
"Egg Harbor Township School District, New Jersey",NDA,EGG HARBOR TOWNSHIP SCHOOL DISTRICT,NEW JERSEY,NCES_District-3404560,13 Swift Drive,Egg Harbor Township,http://www.eht.k12.nj.us
"Galway Central School District, New York",NDA,GALWAY CENTRAL SCHOOL DISTRICT,NEW YORK,NCES_District-3611730,5317 SACANDAGA RD,GALWAY,http://www.galwaycsd.org
"Greenville Public Schools, Michigan",NDA,GREENVILLE PUBLIC SCHOOLS,MICHIGAN,NCES_District-2617160,1414 CHASE ST,GREENVILLE,http://www.gpsjackets.org
"Benton School District, Arkansas",NDA,BENTON SCHOOL DISTRICT,ARKANSAS,NCES_District-0502960,P O BOX 939,BENTON,http://bentonschools.org
"Stokes County Schools, North Carolina",NDA,STOKES COUNTY SCHOOLS,NORTH CAROLINA,NCES_District-3704380,PO Box 50,Danbury,http://www.stokes.k12.nc.us/
"Lacey Township School District, New Jersey",NDA,LACEY TOWNSHIP SCHOOL DISTRICT,NEW JERSEY,NCES_District-3408100,200 Western Blvd.,Lanoka Harbor,http://www.laceyschools.org
"Ithaca Public Schools, Michigan",NDA,ITHACA PUBLIC SCHOOLS,MICHIGAN,NCES_District-2619580,710 NORTH UNION ST,ITHACA,http://www.ithacaschools.net
"Sturgeon Bay School District, Wisconsin",NDA,STURGEON BAY SCHOOL DISTRICT,WISCONSIN,NCES_District-5514610,1230 Michigan St,Sturgeon Bay,http://www.sturbay.k12.wi.us
"Barron Area School District, Wisconsin",NDA,BARRON AREA SCHOOL DISTRICT,WISCONSIN,NCES_District-5500870,100 W River Ave,Barron,http://www.barron.k12.wi.us
"Branchburg Township School District, New Jersey",NDA,BRANCHBURG TOWNSHIP SCHOOL DISTRICT,NEW JERSEY,NCES_District-3402160,240 Baird Road,Branchburg,http://www.branchburg.k12.nj.us
"Essex County Schools Of Technology, New Jersey",NDA,ESSEX COUNTY SCHOOLS OF TECHNOLOGY,NEW JERSEY,NCES_District-3404800,60 Nelson Place,Newark,http://www.essextech.org
"Blytheville School District, Arkansas",NDA,BLYTHEVILLE SCHOOL DISTRICT,ARKANSAS,NCES_District-0503320,P O BOX 1169,BLYTHEVILLE,http://bythevilleschools.com
"Escanaba Area Public Schools, Michigan",NDA,ESCANABA AREA PUBLIC SCHOOLS,MICHIGAN,NCES_District-2613500,1500 LUDINGTON ST,ESCANABA,http://www.eskymos.com
"Franklin West Supervisory Union, Vermont",NDA,FRANKLIN WEST SUPERVISORY UNION,VERMONT,NCES_District-5099922,P.O. Box 108,Fairfax,http://www.franklinwestsu.org/
"Franklin County Schools, North Carolina",NDA,FRANKLIN COUNTY SCHOOLS,NORTH CAROLINA,NCES_District-3701530,53 West River Road,Louisburg,http://www.fcschools.net
"Richardson ISD, Texas",NDA,RICHARDSON ISD,TEXAS,NCES_District-4837020,400 S GREENVILLE AVE,RICHARDSON,http://www.risd.org
"San Joaquin County Office of Education, California",NDA,SAN JOAQUIN COUNTY OFFICE OF EDUCATION,CALIFORNIA,NCES_District-0691031,PO Box 213030,Stockton,http://www.sjcoe.org
"Little Falls City School District, New York",NDA,LITTLE FALLS CITY SCHOOL DISTRICT,NEW YORK,NCES_District-3617460,15 PETRIE ST,LITTLE FALLS,http://www.lfcsd.org
"Cinnaminson Township School District, New Jersey",NDA,CINNAMINSON TOWNSHIP SCHOOL DISTRICT,NEW JERSEY,NCES_District-3403120,2195 RIVERTON ROAD,CINNAMINSON,http://www.cinnaminson.com
"Passaic City School District, New Jersey",NDA,PASSAIC CITY SCHOOL DISTRICT,NEW JERSEY,NCES_District-3412540,P.O. Box 388,Passaic,http://www.passaicschools.org/
"Cayuga-Onondaga BOCES, New York",NDA,CAYUGA-ONONDAGA BOCES,NEW YORK,NCES_District-3680180,1879 W GENESEE ST RD,AUBURN,http://www.cayboces.org
"Vandercook Lake Public Schools, Michigan",NDA,VANDERCOOK LAKE PUBLIC SCHOOLS,MICHIGAN,NCES_District-2634650,1000 EAST GOLF AVE,JACKSON,http://vandyschools.org
"Burnt Hills-Ballston Lake Central School District, New York",NDA,BURNT HILLS-BALLSTON LAKE CENTRAL SCHOOL DISTRICT,NEW YORK,NCES_District-3605940,PO BOX 1389,BALLSTON LAKE,http://www.bhbl.org
"Chehalis School District, Washington",NDA,CHEHALIS SCHOOL DISTRICT,WASHINGTON,NCES_District-5301170,310 SW 16TH ST,CHEHALIS,http://www.chehalisschools.org
